[
  {
    "image": "train_res_00001.jpg",
    "overall": 1.2012748012786514
  },
  {
    "image": "train_res_00002.jpg",
    "overall": 1.3544728626887292
  },
  {
    "image": "train_res_00003.jpg",
    "overall": 1.3388636034832901
  },
  {
    "image": "train_res_00004.jpg",
    "overall": 1.2012748012786514
  },
  {
    "image": "train_res_00005.jpg",
    "overall": 1.3544728626887292
  },
  {
    "image": "train_res_00006.jpg",
    "overall": 1.3388636034832901
  },
  {
    "image": "train_res_00007.jpg",
    "overall": 1.2059287881733405
  },
  {
    "image": "train_res_00008.jpg",
    "overall": 1.21221413390288
  },
  {
    "image": "train_res_00009.jpg",
    "overall": 1.182740552406918
  },
  {
    "image": "train_res_00010.jpg",
    "overall": 1.244006077766274
  },
  {
    "image": "train_res_00011.jpg",
    "overall": 1.2764131632886941
  },
  {
    "image": "train_res_00012.jpg",
    "overall": 1.253092933366018
  },
  {
    "image": "train_res_00013.jpg",
    "overall": 1.2505957666783947
  },
  {
    "image": "train_res_00014.jpg",
    "overall": 1.2764131632886941
  },
  {
    "image": "train_res_00015.jpg",
    "overall": 1.253092933366018
  },
  {
    "image": "train_res_00016.jpg",
    "overall": 1.2505957666783947
  },
  {
    "image": "train_res_00017.jpg",
    "overall": 1.2176509527573058
  },
  {
    "image": "train_res_00018.jpg",
    "overall": 1.206007285244506
  },
  {
    "image": "train_res_00019.jpg",
    "overall": 1.2374673103095912
  },
  {
    "image": "train_res_00020.jpg",
    "overall": 1.1984273334372941
  }
]